﻿{
	"ionApiUrl": "http://localhost:8083/ACME_AX2",
	"ionApiToken": "aHCET5IuGAaDoM7qHrfL1gRLkrZE",
	"ionApiCustomerContext": "CustomerApi",
	"applications": {
		"lid://infor.bi": [
			{
				"logicalIdPrefix": "lid://infor.bi",
				"logicalId": "lid://infor.bi.1",
				"hostname": "biserver",
				"port": "8081",
				"context": "test",
				"useHttps": "true"
			}
		],
		"lid://infor.test.sample": [
			{
				"isDefault": "true",
				"logicalIdPrefix": "lid://infor.test.sample",
				"logicalId": "lid://infor.test.sample.1",
				"hostname": "testserver",
				"port": "8082",
				"context": "test",
				"useHttps": "true"
			},
			{
				"logicalIdPrefix": "lid://infor.test.sample",
				"logicalId": "lid://infor.test.sample.2",
				"hostname": "testserver2",
				"port": "8083",
				"context": "test",
				"useHttps": "true"
			}
		]
	},
	"properties": {
		"project": "Customer"
	}
}
